year,link
1984,https://firebasestorage.googleapis.com/v0/b/glance-4685b.appspot.com/o/images%2F1984.PNG?alt=media&token=95e01e09-ad1c-40e1-9367-d8ff0a38a34d
1985,https://firebasestorage.googleapis.com/v0/b/glance-4685b.appspot.com/o/images%2F1985.PNG?alt=media&token=b3a5db2c-c501-4e17-8a40-a397d419fa73
1986,https://firebasestorage.googleapis.com/v0/b/glance-4685b.appspot.com/o/images%2F1986.PNG?alt=media&token=942f0d5a-8b30-48e0-8f88-0dc5582a9e96
1987,https://firebasestorage.googleapis.com/v0/b/glance-4685b.appspot.com/o/images%2F1987.PNG?alt=media&token=eee15b38-a7a1-4828-a9d1-f06dbdb1538d
1988,https://firebasestorage.googleapis.com/v0/b/glance-4685b.appspot.com/o/images%2F1988.PNG?alt=media&token=014e13a7-71ea-4e93-bb98-3367ab607a5c
1989,https://firebasestorage.googleapis.com/v0/b/glance-4685b.appspot.com/o/images%2F1989.PNG?alt=media&token=b10171b7-5d4b-4971-b476-b9e8f042f254
1990,https://firebasestorage.googleapis.com/v0/b/glance-4685b.appspot.com/o/images%2F1990.PNG?alt=media&token=1328bcd5-d9b8-4bed-bb8e-18c3822b8f76
1991,https://firebasestorage.googleapis.com/v0/b/glance-4685b.appspot.com/o/images%2F1991.PNG?alt=media&token=603c72fb-a437-47fb-8304-0cb40b630f49
1992,https://firebasestorage.googleapis.com/v0/b/glance-4685b.appspot.com/o/images%2F1992.PNG?alt=media&token=749af17e-8e3c-417e-a51e-f2e71e2451d7
1993,https://firebasestorage.googleapis.com/v0/b/glance-4685b.appspot.com/o/images%2F1993.PNG?alt=media&token=1469cca8-8b96-4f03-b315-e98fbafeae59
1994,https://firebasestorage.googleapis.com/v0/b/glance-4685b.appspot.com/o/images%2F1994.PNG?alt=media&token=07fbdd46-9480-4356-8455-2e39e19bf7e1
1995,https://firebasestorage.googleapis.com/v0/b/glance-4685b.appspot.com/o/images%2F1995.PNG?alt=media&token=f3d1bb0c-7ccd-4314-81fb-3db2c1f5fc14
1996,https://firebasestorage.googleapis.com/v0/b/glance-4685b.appspot.com/o/images%2F1996.PNG?alt=media&token=ab9b0638-d1a4-4f3f-9dec-1e78b8b5dda2
1997,https://firebasestorage.googleapis.com/v0/b/glance-4685b.appspot.com/o/images%2F1997.PNG?alt=media&token=a866a4e3-489e-4376-aa47-21fb0d461e8d
1998,https://firebasestorage.googleapis.com/v0/b/glance-4685b.appspot.com/o/images%2F1998.PNG?alt=media&token=c96cbd86-354f-40bb-8906-c210377260e3
1999,https://firebasestorage.googleapis.com/v0/b/glance-4685b.appspot.com/o/images%2F1999.PNG?alt=media&token=725010a8-c397-479c-a5d7-e9acffa208f7
2000,https://firebasestorage.googleapis.com/v0/b/glance-4685b.appspot.com/o/images%2F2000.PNG?alt=media&token=e10f815b-61eb-4d87-8092-44a3fa42ba91
2001,https://firebasestorage.googleapis.com/v0/b/glance-4685b.appspot.com/o/images%2F2001.PNG?alt=media&token=099696a5-2dab-4d67-a6fe-84edfa4ae0c4
2002,https://firebasestorage.googleapis.com/v0/b/glance-4685b.appspot.com/o/images%2F2002.PNG?alt=media&token=d3003419-8992-458c-a76c-1cbf8507755e
2003,https://firebasestorage.googleapis.com/v0/b/glance-4685b.appspot.com/o/images%2F2003.PNG?alt=media&token=ce7058db-22b9-4e30-95d6-c2e492d192d9
2004,https://firebasestorage.googleapis.com/v0/b/glance-4685b.appspot.com/o/images%2F2004.PNG?alt=media&token=382de0cf-ab27-4ccf-8187-7c7dc08f22f0
2005,https://firebasestorage.googleapis.com/v0/b/glance-4685b.appspot.com/o/images%2F2005.PNG?alt=media&token=852068e7-7e39-4e99-89c5-ce79111c6b8c
2006,https://firebasestorage.googleapis.com/v0/b/glance-4685b.appspot.com/o/images%2F2006.PNG?alt=media&token=b5ee8cb7-2d9f-4eaf-adb5-2cef9555fed1
2007,https://firebasestorage.googleapis.com/v0/b/glance-4685b.appspot.com/o/images%2F2007.PNG?alt=media&token=636ab487-26a2-4683-b9ca-42f80ac87f47
2008,https://firebasestorage.googleapis.com/v0/b/glance-4685b.appspot.com/o/images%2F2008.PNG?alt=media&token=feff7163-256a-49f0-a8a6-b4aafd806c97
2009,https://firebasestorage.googleapis.com/v0/b/glance-4685b.appspot.com/o/images%2F2009.PNG?alt=media&token=70ee773e-8876-4d81-abff-be3a82a7cd78
2010,https://firebasestorage.googleapis.com/v0/b/glance-4685b.appspot.com/o/images%2F2010.PNG?alt=media&token=35049230-69b0-4075-a316-4a813159bf2c
2011,https://firebasestorage.googleapis.com/v0/b/glance-4685b.appspot.com/o/images%2F2011.PNG?alt=media&token=f410d87e-85fc-4675-995a-76f1d8086848
2012,https://firebasestorage.googleapis.com/v0/b/glance-4685b.appspot.com/o/images%2F2012.PNG?alt=media&token=6a7331b2-aede-41e2-bf21-f0b2a8ed998f
2013,https://firebasestorage.googleapis.com/v0/b/glance-4685b.appspot.com/o/images%2F2013.PNG?alt=media&token=c53decad-4ecf-48ff-8c9c-6669d6225894
2014,https://firebasestorage.googleapis.com/v0/b/glance-4685b.appspot.com/o/images%2F2014.PNG?alt=media&token=fb587ea0-ce85-4a7c-a726-508ffa851638
2015,https://firebasestorage.googleapis.com/v0/b/glance-4685b.appspot.com/o/images%2F2015.PNG?alt=media&token=bd02699a-4d84-448c-b537-bf4333b9501e
2016,https://firebasestorage.googleapis.com/v0/b/glance-4685b.appspot.com/o/images%2F2016.PNG?alt=media&token=300bd820-364c-4f32-8970-3eb25104ed11
2017,https://firebasestorage.googleapis.com/v0/b/glance-4685b.appspot.com/o/images%2F2017.PNG?alt=media&token=aa589b04-0b60-4ee4-b587-b4b7c387c18a
2018,https://firebasestorage.googleapis.com/v0/b/glance-4685b.appspot.com/o/images%2F2018.PNG?alt=media&token=dab73785-121d-4773-9a4b-869643075f74
